Key;Expressions
Bogies;the Bogies Quirrell
Dundee;Dundee
Sorcerer;the Sorcerer;the Sorcerer;the Sorcerer;Sorcerer;a Sorcerer;about the Sorcerer;the Sorcerer;the Sorcerer;the Sorcerer;a Sorcerer;the Sorcerer;twelve Sorcerer;twelve Sorcerer;The Sorcerer;the Sorcerer;the Sorcerer;Grand Sorc
Dad;Dad;Dad;Mom and Dad;Dad;Daddy;Daddy
Norris;Mrs. Norris;Mrs. Norris;Mrs. Norris;Filch or Mrs. Norris;Mrs. Norris;Mrs. Norris;Filch or Mrs. Norris;Filch or Mrs. Norris;Mrs. Norris;as Mrs. Norris;Mrs. Norris;Mrs. Norris;Mrs. Norris;Mrs. Norris
Lucky;Lucky;lucky Harry
Voldemort;Voldemort;Voldemort;Voldemort;Voldemort;last night Voldemort;Voldemort;Voldemort;my parents or Voldemort;Voldemort;Voldemort...and Voldemort;Voldemort;Voldemort;Voldemort;Voldemort;Voldemort;Voldemort;Voldemort;Voldemort;Voldemort;Voldemort;Lord Voldemort;Lord Voldemort;Voldemort;Voldemort;Voldemort;Voldemort;him Voldemort;Voldemort;one thing Voldemort;Voldemort;Voldemort;Voldemort;Voldemort certainly;Voldemort again;Vol;Vol;Vol;the house Vol;Vol;Vol;good Lord;Good Lord;Lord Voldemort;Lord Voldemort
Mrs.;Mr. and Mrs. Weasley;Mrs. Weasley;Mr. and Mrs. Dursley;Mrs. Dursley;Mrs. Dursley;Mrs. Dursley;Mrs. Dursley;Mrs. Dursley;Mrs. Dursley;Mrs. Dursley;beady-eyed Mrs. Dursley;Mrs. Dursley stiffly;Mr. and Mrs. Dursley;Mr. and Mrs. Dursley;Mr. and Mrs. Weasley
I'd;you I'd;I'd;I'd;I'd;I'd;I'd;I'd;I'd;I'd;a toad I'd;I'd;I'd;I'd;I'd;I'd;I'd;I'd;I'd;I'd;I'd;you I'd;I'd;I'd;I'd;I'd;I'd;some other things I'd;I'd not;I'd always
team;the best team Gryffindor
Petunia;Petunia;he and Petunia;he and Petunia;he and Petunia;he and Petunia;his Aunt Petunia;Aunt Petunia;Aunt Petunia;Aunt Petunia;Aunt Petunia;Aunt Petunia;Aunt Petunia;Aunt Petunia;Petunia;Aunt Petunia;Petunia;Aunt Petunia;Aunt Petunia;Aunt Petunia;Aunt Petunia;Aunt Petunia;Aunt Petunia;Aunt Petunia;Aunt Petunia;Aunt Petunia;Aunt Petunia;Aunt Petunia;Uncle Vernon and Aunt Petunia;Uncle Vernon and Aunt Petunia;Aunt Petunia often;Aunt Petunia frantically;Aunt Petunia and Dudley;Aunt Petunia suddenly;Aunt Petunia and Dudley;Aunt Petunia and Dudley
George;George;George;George;George;George;Fred and George;George;George;Fred and George;George;Fred and George;George;Fred and George;Fred and George;George;George;George;Percy chase Fred and George;George;Fred and George;Fred and George;Fred and George Weasley;Fred and George Weasley;Fred and George Weasley now;Fred or George Weasley;George Weasley;George Weasley really;George Weasley;your friends Misters Fred and George Weasley
Levi-o-sa;Wing-gar-dium Levi-o-sa
Weasley;Ron Weasley;Another Weasley;Mr. Weasley;Weasley;Fred Weasley;it and Fred Weasley;Mr. and Mrs. Weasley;Weasley;Weasley;Percy Weasley;Fred Weasley;Weasley;Weasley;Weasley;Weasley;Weasley;Mr. Ronald Weasley;Mrs. Weasley;Mrs. Weasley;Percy Weasley and Hermione;George Weasley really;Fred Weasley sadly;me all the Weasleys;two Weasleys;Harry and the Weasleys;The Weasleys;The Weasleys;the Weasleys;the Weasleys;The Weasleys;the Weasleys;the Weasleys;the Weasleys;all the Weasleys;the Weasleys;the Weasleys;Harry and the Weasleys
Diggle;Dedalus Diggle;Diggle;Dedalus Diggle;Dedalus Diggle;Dedalus Diggle
Goyle;Goyle;Crabbe and Goyle;Goyle;Goyle;Goyle;Goyle;Goyle;his friends Crabbe and Goyle;Goyle;Goyle;Crabbe and Goyle;Goyle;Goyle;Goyle;Crabbe and Goyle;Crabbe and Goyle;Crabbe and Goyle;Crabbe and Goyle;Crabbe and Goyle;Crabbe and Goyle;Goyle;Crabbe and Goyle;Goyle;Goyle;Crabbe and Goyle;Goyle;Crabbe;Draco Malfoy and his friends Crabbe;Crabbe;No Crabbe;Crabbe;Crabbe;Crabbe;Malfoy and Crabbe;Malfoy and Crabbe;Crabbe;Crabbe;Crabbe;Crabbe and Goyle;Crabbe and Malfoy;his friends Crabbe and Goyle;Crabbe and Goyle;Crabbe and Goyle;Crabbe and Goyle;Crabbe and Goyle;Crabbe and Goyle;Crabbe and Goyle;Crabbe and Goyle;Crabbe and Goyle;Crabbe and Goyle
Red;Red
Head;Head;Head;Deputy Headmistress
Neville;Neville;Neville;Neville;Neville;Neville;Neville;Neville;Neville;Neville;Neville;Neville;Neville;Neville;Neville;Neville;Neville;Neville;Neville;Neville;Neville;Neville;Neville;Neville;Neville;Neville;Neville;Neville;Neville;Neville;Neville;Neville;Neville;Neville;Neville;Neville;Neville;Neville;Neville;Neville;Neville;Neville;Neville;Neville;Neville;All Neville;Neville;Neville;Neville;Neville;Neville;Neville;Neville;Neville;Neville;Neville;Neville;Neville;Neville;Neville;Neville;Neville;Neville;Neville;Neville;Neville;Neville;Neville;Neville;Neville;Neville;Neville;Neville;Neville;Neville;Hermione and Neville;Neville;Neville;Neville;Neville;Neville;Neville;Neville;Neville;behind Neville;Neville;Neville;behind Neville;Neville;Neville;Neville;Neville;Neville;Neville;Neville;Neville;Neville;Neville;Neville;Neville;Neville;Neville;Neville;Neville;Neville;Neville;Neville;Neville;Neville;Neville;Neville;Neville;Neville;Neville;Neville blissfully;Neville suddenly;Mr. Neville Longbottom;Neville...it
Charlie;Bill and Charlie;boy and Charlie;Charlie;Charlie;yer brother Charlie;Hagrid all about Charlie;Charlie;Charlie;Charlie;Charlie;Charlie;the burns Charlie;Charlie;Charlie;Charlie;Charlie;Charlie;Charlie;Charlie;Charlie;Charlie;Charlie;Charlie;Charlie Weasley;Charlie Weasley
Professor;My dear Professor;Professor;Professor;Professor;Professor;Professor;Professor;Professor;Professor;Professor;Professor;Professor;Professor;Professor;Professor;Professor;Professor;Professor McGonagall irritably;Professor McGonagall faintly;Professor McGonagall grudgingly;Dumbledore and Professor McGonagall;Professor Vindictus Viridian;Professor McGonagall now;Professor Quirrell;Professor Quirrell;Professor Quirrell;Professor Quirrell;Professor Quirrell;Professor Quirrell;Professor Quirrell;Professor McGonagall;Professor McGonagall;Professor McGonagall;Professor McGonagall;Professor McGonagall;Professor McGonagall;Professor McGonagall crisply;Professor McGonagall;Professor McGonagall;Professor McGonagall;Professor McGonagall;Professor McGonagall;Professor McGonagall;Professor McGonagall;Professor Flitwick;Professor Flitwick;Professor Flitwick;Professor Quirrell;Professor McGonagall;Professor McGonagall;Professor McGonagall;Professor McGonagall;Professor McGonagall;Professor McGonagall;Professor McGonagall;Professor McGonagall;Professor McGonagall;Professor McGonagall;Professor McGonagall;Professor Dumbledore;Professor McGonagall;Professor McGonagall;Professor McGonagall and Professor Flitwick;Professor Flitwick;a joke Professor Flitwick;Professor McGonagall;Professor Dumbledore;Professor McGonagall;Professor Flitwick;Professor McGonagall;Professor Quirrell;Professor McGonagall;Professor McGonagall;Professor McGonagall;Professor McGonagall;Professor McGonagall;Professor McGonagall;Professor McGonagall;Professor McGonagall;Professor McGonagall;Professor McGonagall;Professor Flitwick;Professor McGonagall;Professor McGonagall;Professor Dumbledore;Professor Dumbledore;Professor McGonagall;Professor McGonagall;Professor Dumbledore;Professor Dumbledore;Professor Dumbledore;Professor Dumbledore;sure Professor McGonagall;Professor Flitwick;Professor Flitwick;Professor McGonagall;you and Professor Quirrell;Professor Quirrell;Professor Snape;Professor Snape;Professor Dumbledore;Professor Dumbledore;though in her opinion Professor Dumbledore;Professor McGonagall
boy;their compartment and the round-faced boy Harry
Hagrid;Hagrid;Hagrid;Hagrid;Hagrid;Hagrid;Hagrid;Hagrid;Hagrid;Hagrid;Hagrid;Hagrid;Hagrid;Hagrid;me Hagrid;Hagrid;Hagrid;Hagrid;Hagrid;Hagrid;Hagrid;Hagrid;Hagrid;Hagrid;Hagrid;Hagrid;Hagrid;Hagrid;Hagrid;Hagrid;Hagrid;Hagrid;Hagrid;Hagrid;Hagrid;Hagrid;Hagrid;Hagrid;Hagrid;Hagrid;Hagrid;Hagrid;Hagrid;Hagrid;Hagrid;Hagrid;Hagrid;Hagrid;Hagrid;Hagrid;Hagrid;Hagrid;Hagrid;Hagrid;Hagrid;Hagrid;Hagrid;Hagrid;Hagrid;Hagrid;Hagrid;Hagrid;Hagrid;Hagrid;Hagrid;Hagrid;Hagrid;Hagrid;Hagrid;Hagrid;Hagrid;Hagrid;Hagrid;Hagrid;Hagrid;Hagrid;Hagrid;Hagrid;Hagrid;Hagrid;Hagrid;Hagrid;Hagrid;Hagrid;Hagrid;Hagrid;Hagrid;Hagrid;Hagrid;Hagrid;Hagrid;Hagrid;Hagrid;Hagrid;Hagrid;Hagrid;Hagrid;Hagrid;Hagrid;Hagrid;Hagrid;Hagrid;Hagrid;Hagrid;Hagrid;Hagrid;Hagrid;Hagrid;Hagrid;Hagrid;Hagrid;Hagrid;Hagrid;Hagrid;Hagrid;Hagrid;Hagrid;Hagrid;Hagrid;Hagrid;Hagrid;Hagrid;Hagrid;Hagrid;Hagrid;Hagrid;Hagrid;Hagrid;Hagrid;Hagrid;Hagrid;Hagrid;Hagrid;Hagrid;Hagrid;Hagrid;Hagrid;Hagrid;Hagrid;Hagrid;Hagrid;Hagrid;Hagrid;Hagrid;Hagrid;Hagrid;Hagrid;Hagrid;Hagrid;Hagrid;Hagrid;Hagrid;Hagrid;Hagrid;Hagrid;Hagrid;Hagrid;Hagrid;Hagrid;Hagrid;Hagrid;Hagrid;Hagrid;Hagrid;Hagrid;Hagrid;Hagrid;Hagrid;Hagrid;Hagrid;Hagrid;Hagrid;Hagrid;Hagrid;Hagrid;Hagrid;Hagrid;Hagrid;Hagrid;Hagrid;Hagrid;Hagrid;Hagrid;Hagrid;Hagrid;Hagrid;Hagrid;Hagrid;Hagrid;Hagrid;Hagrid;Hagrid;Hagrid;Hagrid;Hagrid;Hagrid;Hagrid;Hagrid;Hagrid;Hagrid;Hagrid;Hagrid;Hagrid;Hagrid;Hagrid;Hagrid;Hagrid;Hagrid;Hagrid;Hagrid;Hagrid;Hagrid;Hagrid;Hagrid;Hagrid;Hagrid;Hagrid;Hagrid;Hagrid;Hagrid;Hagrid;Hagrid;Hagrid;Hagrid;Hagrid;Hagrid;Hagrid;Hagrid;Hagrid;Hagrid;Hagrid;Hagrid;Hagrid;Hagrid;Hagrid;Hagrid;Hagrid;Hagrid;Hagrid;Hagrid;Hagrid;Hagrid;Hagrid;Hagrid;Hagrid;Hagrid;Hagrid;Hagrid;Hagrid;Hagrid;Hagrid;Hagrid;Hagrid;Hagrid;Hagrid;Hagrid;Hagrid;Hagrid;Hagrid;Hagrid;Hagrid;Hagrid;Hagrid;Hagrid;Hagrid;Hagrid;Hagrid;Hagrid;Hagrid;Hagrid;Hagrid;Hagrid;Hagrid;Hagrid;Hagrid;Hagrid;Hagrid;Hagrid;Hagrid;Hagrid;Hagrid;Hagrid;Hagrid;Hagrid;Hagrid;Hagrid;Hagrid;Hagrid;Hagrid;Hagrid;Hagrid;Hagrid;Hagrid;Hagrid;Hagrid;Hagrid;Hagrid;Hagrid;Hagrid;Hagrid;Hagrid;Hagrid;Hagrid;Hagrid;Hagrid;Hagrid;Hagrid;Hagrid;Hagrid;Hagrid;Hagrid;Hagrid;Hagrid;Hagrid;Hagrid;Hagrid;Hagrid;Hagrid;Hagrid;Hagrid;Hagrid;Hagrid;Hagrid;Hagrid;Hagrid;Hagrid;Hagrid;Hagrid;Hagrid;Hagrid;Hagrid;Hagrid;Hagrid;Hagrid;Hagrid;Hagrid simply;Hagrid suddenly;Hagrid sleepily;Hagrid quietly;Hagrid importantly;Hagrid darkly;Hagrid gruffly;Hagrid down;Hagrid definitely;Hagrid gruffly;Hagrid hotly;Hagrid again;Hagrid fiercely;Hagrid grimly;Hagrid irritably;Hagrid suddenly
Dean;Dean;Dean;Dean;Dean;Dean;Dean;Dean;Dean;Dean Thomas;Dean Thomas;Dean and Seamus;Dean Thomas;Dean furiously;Thomas;Dean Thomas;Dean Thomas;Dean Thomas
Percy;Percy;Percy;Percy;Percy;Percy;Percy;Percy;Percy;Percy;Percy;Percy;Percy;Percy;Percy;Percy;Percy;Percy;Percy;Percy;Percy;Percy;Percy;Percy;Percy;Percy;Percy;Percy;Percy the Prefect;Percy uncertainly;Percy Weasley and Hermione;Percy thickly;Percy chase Fred and George;Percy'd
Griphook;Griphook;Griphook;Griphook;Griphook;Griphook;Griphook;Griphook;Griphook;Griphook;Griphook;Griphook;Griphook;Griphook;Griphook;Griphook importantly
Pomfrey;Madam Pomfrey;Madam Pomfrey;Madam Pomfrey;Madam Pomfrey;Madam Pomfrey;Madam Pomfrey;Madam Pomfrey;Madam Pomfrey;Madam Pomfrey;Madam Pomfrey;Madam Pomfrey;Madam Pomfrey;by Madam Pomfrey
Devil;Devil;Devil;Devil;the Devil;if Devil;if Devil
suddenly;Dudley suddenly;Uncle Vernon suddenly;Aunt Petunia suddenly;Hagrid suddenly;Harry suddenly;Ron suddenly;Snape suddenly;Neville suddenly;Harry suddenly;Ron suddenly;Hermione suddenly;Harry suddenly;Firenze suddenly;Firenze suddenly;Harry suddenly;Hagrid suddenly
angrily;Harry angrily
Nick;Headless Nick;Headless Nick;Headless Nick;Headless Nick;Headless Nick delicately;Headless Nick delicately
Spinnet;Alicia Spinnet;Spinnet
Stone;Stone;Stone;Stone;Stone;the Stone;Stone;Stone;Stone;Stone;the Stone;the Stone;Stone;the Stone;That Stone;the Stone;the Stone;the Stone;Stone;the Stone;the Stone;the Stone;Stone;the Stone;about the Stone;the Stone;the Stone;the Stone;the Stone;the Stone;the Stone;the Stone;the Stone;the Stone;the Stone;the Stone;the Stone;Stone;Stone;me the Stone;The Stone;the Stone;the Stone;the Stone;the Stone;the Stone;the Stone;for the Stone;the Stone;the Stone;the Stone;the Stone;the Stone;the Stone;the Stone;the Stone apart;the Stone back;Stones;Stonewall;Stonewall High;Stones;Stonewall High;the Stone...I
Fred;Fred;Fred;Fred;Fred;Fred;Fred;Fred;Fred;Fred;Fred;Fred;Fred;Fred;which Fred;Fred;Fred and George Weasley;Fred and George;Fred and George;Fred and George Weasley;Fred and George Weasley now;Fred and George;Fred Weasley;Fred and George;Fred or George Weasley;it and Fred Weasley;Fred and George;Percy chase Fred and George;Fred Weasley;Fred and George;Fred and George;your friends Misters Fred and George Weasley;Fred Weasley sadly
It'd;It'd
They'd;They'd;They'd
Vernon;Vernon;Vernon;Dudley and Uncle Vernon;Vernon;Vernon;Vernon;Vernon;Vernon;Uncle Vernon;Uncle Vernon;Uncle Vernon;Uncle Vernon;Uncle Vernon;Uncle Vernon;Uncle Vernon;Uncle Vernon;Uncle Vernon;Uncle Vernon;Uncle Vernon;Uncle Vernon;Uncle Vernon;Uncle Vernon;Uncle Vernon;Uncle Vernon;Uncle Vernon;Uncle Vernon;Uncle Vernon;She and Uncle Vernon;Uncle Vernon;Uncle Vernon;of Uncle Vernon;Uncle Vernon;Uncle Vernon;Uncle Vernon;Uncle Vernon;Uncle Vernon;Uncle Vernon;Uncle Vernon;Uncle Vernon;Uncle Vernon;Uncle Vernon;Uncle Vernon;The boat Uncle Vernon;Uncle Vernon;Aunt Petunia and Uncle Vernon;Uncle Vernon;Uncle Vernon;Uncle Vernon;Uncle Vernon;Uncle Vernon;Uncle Vernon;Uncle Vernon;Uncle Vernon;Uncle Vernon;Uncle Vernon;Uncle Vernon;Uncle Vernon;Uncle Vernon and Dudley;Uncle Vernon wildly;Uncle Vernon gleefully;Vernon Dursley;Uncle Vernon actually;Uncle Vernon and Aunt Petunia;Uncle Vernon and Aunt Petunia
Erised;Erised;Erised;Erised;Erised;Erised again
Ministry;Ministry;a Ministry;a Ministry;The Ministry;the Ministry;the Ministry;the Ministry
Snitch;the Golden Snitch;the Snitch;the Snitch;the Snitch;the Snitch;for the Snitch;the Snitch;the Snitch;the Snitch;the Golden Snitch;the Snitch;the Snitch;the Snitch;the Snitch;The Snitch;the Snitch;the Snitch yet;the Snitch yet;the Snitch yet;the Snitch yet
Romania;Romania;Romania;Romania;Romania;Romania;Romania;Romania
Quaffle;the Quaffle;the Quaffle;the Quaffle;the Quaffle;the Quaffle;the red Quaffle;the Quaffle;the Quaffle;the Quaffle;Quaffle;the Quaffle;the Quaffle;the Quaffle;the Quaffle;Quaffle;the Quaffle;the Quaffle;the Quaffle;the Quaffle;the Quaffle
Seamus;Seamus;Seamus;Seamus;Seamus;Seamus;Seamus;Seamus;Dean and Seamus;Harry and Seamus;Seamus;Seamus;Seamus;Seamus;sandy-haired Seamus Finnigan;Seamus Finnigan;Seamus Finnigan;the way Seamus Finnigan;the way Seamus Finnigan;Seamus Finnigan;Seamus Finnigan;chessmen Seamus Finnigan;The Sea;Finnigan;sandy-haired Seamus Finnigan;Seamus Finnigan;Seamus Finnigan;the way Seamus Finnigan;the way Seamus Finnigan;Seamus Finnigan;Seamus Finnigan;chessmen Seamus Finnigan
Yeah...he;Yeah...he
proof;any proof Snape
Quidditch;on earth Quidditch;Quidditch;Quidditch;Quidditch;Quidditch;Quidditch;Quidditch;Quidditch;Quidditch;Quidditch;Quidditch;Quidditch;him Quidditch;a Quidditch;Quidditch;Quidditch;Quidditch;a good Quidditch;Quidditch;two Quidditch;Quidditch;Quidditch;Quidditch;Quidditch;Quidditch constantly;That Quidditch Cup
Wizard;Wizard;Wizard Baruffio;wizardin;Wizardry;Wizardry;Wizardry;Wizardry
Mr.;Mr.;Mr. Dursley;Mr. Dursley;Mr. Dursley;Mr. Dursley;Mr. Dursley;Mr. Dursley;Mr. Dursley;Mr. Dursley;Mr. Dursley loudly;Mr. Dursley;Mr. Dursley loudly;Mr. Dursley;Mr. Dursley;Mr. Dursley;Mr. Dursley;Mr. Dursley;Mr. Dursley;Mr. Dursley;Mr. Dursley;Mr. Dursley;Mr. Dursley;Mr. Dursley;Mr. Dursley;Mr. Dursley;Mr. Dursley;Mr. H. Potter;Mr. H. Potter;Dear Mr. Potter;Mr. Ollivander sharply;Mr. Potter;Mr. Potter;Mr. Ollivander;Mr. Ollivander;Mr. Ollivander;Mr. Ollivander;Mr. Ollivander;Mr. Potter;Mr. Ollivander too;Mr. Ollivander;Mr. and Mrs. Weasley;Mr. Nicolas Flamel;Mr. Filch;Mr. Potter;Mr. Longbottom;Mr. Filch;Mr. Potter;Mr. Ronald Weasley and Miss Granger;Mr. Ronald Weasley;Mr. Neville Longbottom
Wizards;Wizards;Wizards;Great Wizards;Great Wizards
something;something Harry and Ron;something Dumbledore
Christmas;Christmas;Christmas;Christmas;Christmas;Christmas;Christmas;Merry Christmas;your Christmas;your Christmas;A Very Merry Christmas;Merry Christmas;Christmas;Another Christmas;the Christmas;Christmas;Christmas;Christmas;Christmas Eve;Christmas Eve
Gryffindor;Gryffindor;Gryffindor;Gryffindor;Gryffindor;Gryffindor;him a Gryffindor;The Gryffindor;the Gryffindor;Gryffindor;Gryffindor;in the Gryffindor;Gryffindor;Gryffindor;the Gryffindor;Gryffindor;Gryffindor;Gryffindor;Gryffindor;Gryffindor;You each win Gryffindor;Gryffindor;Gryffindor;Gryffindor;The Gryffindor;Gryffindor;Gryffindor;Gryffindor;Gryffindor;Gryffindor;Gryffindor;the Gryffindor;Gryffindor;the Gryffindor;Gryffindor;the Gryffindor;Gryffindor;Gryffindor;Gryffindor;Gryffindor;Gryffindor;Gryffindor;That put Gryffindor;Gryffindor;Gryffindor;Gryffindor;Gryffindor;Gryffindor;Gryffindor;Gryffindor;Gryffindor;Gryffindor House;the Gryffindor Beater;Gryffindor now;new Gryffindors;the Gryffindors;the Gryffindors;the Gryffindors;Gryffindors;the Gryffindors;Gryffindors apart;new Gryffindors;new Gryffindors;the other Gryffindors;the Gryffindors;Gryffindors;Gryffindors;Gryffindors apart;first-year Gryffindors only
furiously;Harry furiously;Harry furiously;Ron furiously;he beat the Bludger furiously;Dean furiously;Hagrid furiously
Hermione;Hermione;Hermione;Hermione;Hermione;Hermione;Hermione;Hermione;Hermione;Hermione;Hermione;Hermione;Hermione;Hermione;Hermione;Hermione;Hermione;Hermione;Hermione;Hermione;Hermione;Hermione;Hermione;Hermione;Hermione;Hermione;Hermione;Hermione;Hermione;Hermione;Hermione;Hermione;Hermione;Hermione;Hermione;Hermione;Hermione;Hermione;Hermione;Hermione;Hermione;Hermione;Hermione;Hermione;Hermione;Hermione;Hermione;Hermione;Hermione;Hermione;Hermione;Hermione;Hermione;Hermione;Hermione;Hermione;Hermione;Hermione;Hermione;Hermione;Hermione;Hermione;Hermione;Hermione;Hermione;Hermione;Hermione;Hermione;Hermione;Hermione;Hermione;Hermione;Hermione;Hermione;Hermione;Hermione;Hermione;Hermione;Hermione;Hermione;Hermione;Hermione;Hermione;Hermione;Hermione;Hermione;Hermione;Hermione;Hermione;Hermione;Hermione;Hermione;Hermione;Hermione;Hermione;Hermione;Hermione;Hermione;Hermione;Hermione;Hermione;Hermione;Hermione;Hermione;Hermione;Hermione;Hermione;Hermione;Hermione;Hermione;Hermione;Hermione;Hermione;Hermione;Hermione;Hermione;Hermione;Hermione;Hermione;Hermione;Hermione;Hermione;Hermione;Hermione;Hermione;Hermione;Hermione;Hermione;Hermione;Hermione;Hermione;Hermione;Hermione;Hermione;Hermione;Hermione;Hermione;Hermione;Hermione;Hermione;Hermione;him and Hermione;Hermione;Hermione;Hermione;Hermione;Hermione;Hermione;Hermione;Hermione;Hermione;Hermione;Hermione;Hermione;least Hermione;Hermione;Hermione;Hermione;Hermione;Hermione;Hermione;Hermione;Hermione;Hermione;Hermione;Hermione;Hermione;Hermione;Hermione;Hermione;Hermione;Hermione;Hermione;Hermione;Hermione;Hermione;Hermione;Hermione;Hermione;Hermione;Harry and Hermione;Hermione;Hermione;Hermione;Harry and Hermione;Harry and Hermione;Hermione;Harry and Hermione;Hermione;Harry and Hermione;Hermione;Hermione;Hermione;Hermione;Hermione;Hermione;Hermione;Hermione;Hermione;Hermione;Hermione;Hermione;Hermione;Ron and Hermione;Hermione;Hermione;Hermione;Ron and Hermione;Hermione;Hermione;Hermione;Hermione;Ron and Hermione;Hermione;Hermione Granger;Hermione Granger;Hermione Granger;Hermione Granger;Hermione Granger;Hermione Granger;Hermione Granger;Hermione Granger;Hermione ever;Hermione thoughtfully;Hermione and Harry;Hermione and Neville;Hermione Granger;Hermione faintly;Hermione always;Hermione grimly;Hermione nervously
Hooch;Madam Hooch;Madam Hooch;Madam Hooch;Madam Hooch;Madam Hooch;Madam Hooch;Madam Hooch;Madam Hooch;Madam Hooch;Madam Hooch;Madam Hooch;Madam Hooch then
Dudley;Dudley;Dudley;a screaming Dudley;Dudley;Dudley;Dudley;Dudley;Dudley;all Dudley;though Dudley;Dudley;Dudley;Dudley;Dudley;Dudley;Dudley;all Dudley;though Dudley;Dudley;Dudley;Dudley;Dudley;Dudley;Dudley;Dudley;Dudley;Dudley;the time Dudley;Dudley;Dudley;Dudley;Dudley;Dudley;Dudley;Dudley;Dudley;Dudley;Dudley;Dudley;Dudley;Dudley;Dudley;Dudley;Dudley;Dudley;Dudley;Dudley;Dudley;Dudley;Dudley;Dudley;Dudley;Dudley;Dudley;Dudley;Dudley;Dudley;Dudley;Dudley;Dudley;Uncle Vernon and Dudley;Dudley;Piers and Dudley;Dudley;Dudley;Dudley;Dudley;no escaping Dudley;Dudley;Dudley;Dudley;Dudley;Dudley;Dudley;Dudley;Dudley;Dudley;Dudley;Dudley;Dudley;Dudley;some of Dudley;Dudley;Dudley;Dudley;Dudley;Dudley;Dudley;Dudley;Dudley;Dudley;Dudley;Dudley;Dudley;Dudley;Dudley;Dudley;Dudley;Dudley;Dudley;Dudley;Dudley;Dudley;Dudley;Dudley;Dudley;Dudley;Dudley;Dudley;Dudley;Dudley;Dudley;Dudley;Dudley;Dudley;Dudley;Dudley;Dudley;Dudley;Dudley;Dudley;Dudley;Dudley;Dudley;Dudley;Dudley;Dudley;Dudley;Dudley;Dudley;Dudley;Dudley;Dudley;Dudley Dursley;Dudley and Piers;Dudley and Piers;Dudley and Piers;Dudley and Piers;Dudley and Piers;Dudley and Uncle Vernon;Harry and Dudley promptly;her Ickle Dudleykins;his cousin Dudley....He;her Ickle Dudleykins
McGonagall;McGonagall;Professor McGonagall;Professor McGonagall;Professor McGonagall;Professor McGonagall;Professor McGonagall;Professor McGonagall;Professor McGonagall;Professor McGonagall;Professor McGonagall;Professor McGonagall;Professor McGonagall;Professor McGonagall;Professor McGonagall;Professor McGonagall;Professor McGonagall;McGonagall;Professor McGonagall;Professor McGonagall;Professor McGonagall;Professor McGonagall;Professor McGonagall;Professor McGonagall;Professor McGonagall;Professor McGonagall;Professor McGonagall;Professor McGonagall;Professor McGonagall;Professor McGonagall;Professor McGonagall;Professor McGonagall;Professor McGonagall;Professor McGonagall;Professor McGonagall;Professor McGonagall;Professor McGonagall;Professor McGonagall;Professor McGonagall;Professor McGonagall;Professor McGonagall;Professor McGonagall;Professor McGonagall;Professor McGonagall;Professor McGonagall;Professor McGonagall;Professor McGonagall;Professor McGonagall;sure Professor McGonagall;Professor McGonagall;McGonagall;Professor McGonagall;Professor McGonagall coldly;Professor McGonagall grudgingly;Professor McGonagall now;Professor McGonagall and Professor Flitwick
Who'd;Who'd
Stalagmite;Stalagmite
always;Mr. Dursley always;Mr. Dursley always;Hermione always;I'd always;White always;Snape always
Potter;Mrs. Potter;Potter;Potter;Potter;Potter;Potter;Lily and James Potter;the Potter;Harry Potter;Harry Potter;Harry Potter;Harry Potter;Harry Potter;odd Harry Potter;Mr. H. Potter;Mr. H. Potter;you Mr. H. Potter;Mr. H. Potter;Mr. H. Potter;Dear Mr. Potter;James Potter;Harry Potter;James Potter;Mr. Potter;Mr. Potter;Mr. Potter;Mr. Potter;Mr. Harry Potter;Harry Potter;Mr. Potter;Mr. Potter;Mr. Potter;Mr. Potter;Harry Potter;Harry Potter;you really Harry Potter;Harry Potter;Harry Potter;Potter;Potter;Potter;Potter;The Harry Potter;Potter;Potter;Harry Potter;Potter;Potter;Potter;Potter;Potter;Potter;Potter;Potter;Potter;Potter;Potter;Potter;Potter;Potter;Potter;Potter;Potter;Potter;Potter;Potter;Potter;Potter;long Potter;Potter;Potter;Harry Potter;Mr. Potter;Potter;Harry Potter;the famous Harry Potter;Thanks Potter;Harry Potter;Harry Potter;Mr. Potter;Harry Potter;Potter;Potter;Potter;Potter;Potter;Potter;Potter;Potter;Potter;Harry Potter;Mr. Harry Potter;Potter;Harry Potter;Harry Potter not;Mr. Potter....After;James;Lily and James Potter;James Potter;James Potter;Lily and James...I;Mr. Potter....After
calmly;Dumbledore calmly
anxiously;Harry anxiously;Harry anxiously;Harry anxiously
D'yeh;D'yeh
blankly;Harry blankly
Scabbers;Scabbers;Scabbers;Scabbers;Scabbers;Scabbers;Scabbers;Scabbers;the sheets Scabbers;Scabbers;Scabbers instead;Scabbers finally
No...you;No...you
Filch;Mr. Filch;Argus Filch;Filch;Filch;Filch;for Filch;Filch;Argus Filch;Filch;Filch;Filch;for Filch;Filch;Filch;Filch;Filch;Filch;Filch;Filch;Filch;Filch;Filch;Filch;Filch;Filch;Filch;he'd take Filch;Filch;he'd take Filch;Filch;Snape and Filch;Filch;Snape and Filch;Filch;Filch;Filch;Filch;Filch;Filch;Filch;Filch;Filch;Filch;Filch;Filch;Filch;Filch;Filch;Mr. Filch;Filch;Mr. Filch;Filch;Filch;Filch;Filch;Filch;Filch;Filch;Filch;Filch;Filch;Filch or Mrs. Norris;Filch or Mrs. Norris;Filch or Mrs. Norris;Filch and Snape;Filch and Snape;Filch and Snape;Filch and Snape;Filch coldly
You-Know-Who;You-Know-Who;You-Know-Who;You-Know-Who;You-Know-Who;You-Know-Who;one You-Know-Who;You-Know-Who;You-Know-Who;You-Know-Who;You-Know-Who;You-Know-Who;You-Know-Who;You-Know-Who;You-Know-Who;in case You-Know-Who;every time You-Know-Who;You-Know-Who;one You-Know-Who;You-Know-Who;You-Know-Who;You-Know-Who;You-Know-Who never
darkly;Hagrid darkly;Ron darkly;Harry darkly
Gringotts;Gringotts;Gringotts;Gringotts;Gringotts;Gringotts;Gringotts;Gringotts;Gringotts;Gringotts;Gringotts;Gringotts;round Gringotts;Gringotts;Gringotts;a Gringotts;Gringotts;Gringotts;Gringotts;of Gringotts;Gringotts;Gringotts;Gringotts;visit Gringotts anyway;visit Gringotts anyway
thing;The last thing Harry;other strange things Harry
Mirror;the Mirror;the Mirror;the Mirror;The Mirror;the Mirror;the Mirror
already;Quirrell already
Beaters;Beaters;two Beaters;Beaters;the Gryffindor Beater
Black;Young Sirius Black;the Black Forest;the Black Forest
He-Who-Must-Not-Be-Named;He-Who-Must-Not-Be-Named
Monday;Monday;Monday;Monday
Patil;Patil;Patil;Parvati Patil;Miss Patil;Parvati Patil;Parvati Patil;Parvati;Parvati Patil;Parvati Patil;Parvati Patil
Uncle;Uncle Vernon and Dudley;Uncle Vernon and Aunt Petunia;Uncle Vernon and Aunt Petunia;Aunt Petunia and Uncle Vernon;Aunt Petunia and Uncle Vernon;Uncle Vernon;Uncle Vernon;Uncle Vernon;Harry and Uncle Vernon;Uncle Vernon;Uncle Vernon;Uncle Vernon;Uncle Vernon;Uncle Vernon;Uncle Vernon;Uncle Vernon;Uncle Vernon;Uncle Vernon;Uncle Vernon;Uncle Vernon;Uncle Vernon;Uncle Vernon;Uncle Vernon;Uncle Vernon;Uncle Vernon;the moment Uncle Vernon;Uncle Vernon;Uncle Vernon;Uncle Vernon;Uncle Vernon;Uncle Vernon;Uncle Vernon;Uncle Vernon;Uncle Vernon;Uncle Vernon;Uncle Vernon;Uncle Vernon;Uncle Vernon;Uncle Vernon;Uncle Vernon;Uncle Vernon;them and Uncle Vernon;Uncle Vernon;Uncle Vernon;Uncle Vernon;Uncle Vernon;this at Uncle Vernon;Aunt Petunia and Uncle Vernon;Uncle Vernon;Uncle Vernon;Uncle Vernon;Uncle Vernon;Uncle Vernon;Uncle Vernon;Uncle Vernon;Uncle Vernon;Uncle Vernon;Uncle Vernon nearly;Uncle Vernon and Dudley;Uncle Vernon shortly;Uncle Vernon and Aunt Petunia;Uncle Vernon suddenly;Uncle Vernon certainly;Uncle Vernon and Aunt Petunia;Harry and Uncle Vernon;Great Uncle Algie;Great Uncle Algie;Uncle Vernon shortly
Marge;Auntie Marge;Marge;sister Marge;Marge;Marge
Ridgeback;a Norwegian Ridgeback;the Norwegian Ridgeback;the Ridgeback;Norwegian Ridgebacks
past;past McGonagall;anything past Snape;past Quirrell
idly;Quirrell idly
Oliver;Oliver;Oliver Wood;Oliver Wood;Oliver Wood;Oliver Wood
Father;Father
gently;Dumbledore gently;Harry gently;Dumbledore gently
dreamily;Dumbledore dreamily
He'd;He'd;He'd;He'd;He'd;He'd;He'd;He'd;He'd;He'd;He'd;He'd;He'd;He'd;He'd never;He'd never;He'd never;He'd just;He'd just
gloomily;Harry gloomily
Chaser;an excellent Chaser;Chaser Angelina Johnson;Chaser Katie Bell;Chaser Pucey ducks two Bludgers;Chaser Bell;Chaser Katie Bell;Chaser Bell;Bell
briskly;Hermione briskly
Hannah;Hannah;Hannah;Hannah
Bane;Bane;Bane;Ronan and Bane;Bane;Bane;Ronan and Bane;Bane;Bane;Bane;Bane;Bane;Ronan and Bane;Bane;if Bane
Hall;the Great Hall;the Great Hall;the Great Hall;the Great Hall;of the Great Hall;the Great Hall;the Great Hall;the Great Hall;the Great Hall;the Great Hall;the Great Hall;The Great Hall;the Great Hall;see the Great Hall;the Great Hall;the Great Hall;the Great Hall;Halloween;Halloween;at Halloween;Halloween
opposite;the seat opposite Harry
letter;the letter Dumbledore
Hedwig;her Hedwig;Hedwig;Hedwig;Hedwig;of Hedwig;of Hedwig;Hedwig;Hedwig;Hedwig;Hedwig;Hedwig;Hedwig;Hedwig;Hedwig
Mommy;Mommy;Mommy;that moment Neville;the moment Uncle Vernon;the moment Hermione
Ollivander;Mr. Ollivander;Mr. Ollivander;the more wands Mr. Ollivander;Mr. Ollivander;Mr. Ollivander;Mr. Ollivander;Mr. Ollivander sharply;Ollivanders;the door read Ollivanders;Ollivanders;the door read Ollivanders
pompously;Percy Weasley pompously;Percy Weasley pompously
earth;on earth;on earth;on earth;on earth;on earth;on earth;on earth;on earth;on earth;on earth;on earth Quidditch
Hat;Hat;The Sorting Hat;Hat;The Sorting Hat;The Sorting Hat;the Sorting Hat away
Fang;Fang;Fang;Fang;Fang;Fang;Fang;Fang;me or Fang;Fang;Fang;Fang;Fang;Fang;Fang;Fang;Malfoy and Fang;Fang;Fang;Fang;Fang;Fang sometime;Fang sometime
only;Harry only;first-year Gryffindors only;Malfoy only;Wands only;Quidditch only;Harry only;Ron only;the only Stone currently
Hogwarts;Hogwarts;Hogwarts;all about Hogwarts;Hogwarts;Hogwarts;Hogwarts;Hogwarts;ter Hogwarts;Hogwarts;cept maybe Hogwarts;Hogwarts;Hogwarts;Hogwarts;Hogwarts;Hogwarts;Hogwarts;Hogwarts;Hogwarts;Hogwarts;Hogwarts;Hogwarts;Hogwarts;Hogwarts;Hogwarts;Hogwarts;Hogwarts;Hogwarts;Hogwarts;you a Hogwarts;Hogwarts;Hogwarts;Hogwarts;Hogwarts;Hogwarts;Hogwarts;Hogwarts;the Hogwarts;the Hogwarts;Hogwarts;Hogwarts;Hogwarts;Hoggy Warty Hogwarts;Hogwarts;Hogwarts;Hogwarts;of Hogwarts;Hogwarts;Hogwarts;Hogwarts;Hogwarts;Hogwarts;Hogwarts;Hogwarts;Hogwarts;Hogwarts;Hogwarts;at Hogwarts;Hogwarts;Hogwarts;Hogwarts;Hogwarts;any Hogwarts;Hogwarts;of chess Hogwarts;Hogwarts;off ter Hogwarts not;the greatest headmaster Hogwarts ever;the Hogwarts Express
Granger;Granger;Hermione Granger;Hermione Granger;Hermione Granger;Hermione Granger;Hermione Granger;Hermione Granger;Hermione Granger;Miss Granger;Hermione Granger;Miss Granger;Hermione Granger;Mr. Ronald Weasley and Miss Granger;Gran;Gran;Gran
Muggles;Muggles;the Muggles;the Muggles;the Muggles;the Muggles;Muggles;the Muggles;Muggles;Muggles;Muggles;the Muggles;Muggles;Muggles;the Muggles;Muggles;Muggles;the Muggles;a Muggle;a Muggle;ter see a great Muggle;A Muggle;a great Muggle;a Muggle;the feeble Muggle;a Muggle
Magic;Magic;Magic;Magic;Magic;Magic;Magic;Magic;Magic;Magic;Magic;Magic;powerful Dark Magic never;powerful Dark Magic never
Baron;The Bloody Baron;the Bloody Baron;the Baron;The Bloody Baron;the Bloody Baron;the Bloody Baron;the Bloody Baron;Mr. Baron;Baron
Flamel;Nicolas Flamel;Nicolas Flamel;Nicolas Flamel;Nicolas Flamel;Flamel;Flamel;if Flamel;Flamel;Flamel;if Flamel;Flamel;Flamel;Flamel;Flamel;Flamel;Flamel;Flamel;Flamel;Nicolas Flamel;Flamel;Nicolas Flamel;Flamel;Flamel;Nicolas Flamel;Nicolas Flamel;Mr. Nicolas Flamel;Mr. Flamel;Flamel;Flamel;Nicolas Flamel;Nicolas Flamel;Nicolas Flamel;Flamel
twice;Hagrid twice
softly;Ron softly
Knuts;him five Knuts;Knuts;little bronze Knuts;twenty-nine Knuts;five Knuts;seven bronze Knuts
miserably;Hermione miserably
Malfoy;Malfoy;Malfoy;Malfoy;Malfoy;Malfoy;Malfoy;Malfoy;Malfoy;Malfoy;Malfoy;Malfoy;Malfoy;Malfoy;Malfoy;Malfoy;Malfoy;Malfoy;Malfoy;Draco Malfoy;Malfoy;Malfoy;Malfoy;Malfoy;Malfoy;Malfoy;Malfoy;Malfoy;Malfoy;Malfoy;Malfoy;Malfoy;Malfoy;Malfoy;Malfoy;Malfoy;Malfoy;Malfoy;Malfoy;Malfoy;you and Malfoy;Malfoy;Malfoy;his wand in case Malfoy;Malfoy;Malfoy;Malfoy;Malfoy;Malfoy;Malfoy;Malfoy;Malfoy;Malfoy;Malfoy;Malfoy;Draco Malfoy;Malfoy;Malfoy;Malfoy;Malfoy;Malfoy;Malfoy;Malfoy;Malfoy;Malfoy;Malfoy;Malfoy;Malfoy;Malfoy;Malfoy;Malfoy;Malfoy;Malfoy;Malfoy;Malfoy;Malfoy;Malfoy;Malfoy;Malfoy;Malfoy;Malfoy;Malfoy;Malfoy;Malfoy;Malfoy;Malfoy;Malfoy;Malfoy;Malfoy;Malfoy;Malfoy;Malfoy;Malfoy;Malfoy;Malfoy;Malfoy;Malfoy;Malfoy;Malfoy;Malfoy;Malfoy;Malfoy;Malfoy;Malfoy;Malfoy;Malfoy;Malfoy;Malfoy;Malfoy;Draco Malfoy;Malfoy;Malfoy certainly;Malfoy quickly;Malfoy and Crabbe;Malfoy quickly;Malfoy just;Malfoy and Ron;Malfoy quickly
Body-Bind;the full Body-Bind
airily;Percy airily
Galleons;Galleons;many Galleons;twenty-one Galleons;seven gold Galleons;a Galleon
Yeh;Yeh;Yeh;Yeh;Yeh;Yeh;Yeh;Yeh;Yeh;Yeh'd;Yeh'd
last;last Hagrid;the last Quidditch;the last Quidditch;all the last-minute Quidditch practice Wood;all the last-minute Quidditch practice Wood
Parkinson;Parkinson;Pansy Parkinson
loudly;Mr. Dursley loudly;Mr. Dursley loudly;Hagrid loudly;Harry loudly;Ron loudly;Harry loudly
We'd;We'd;We'd
Slytherin;Slytherin;Slytherin;Slytherin;Slytherin;Slytherin;Slytherin;Slytherin;a Slytherin;Slytherin;Slytherin;Slytherin;Slytherin;Slytherin;Slytherin;a Slytherin;Slytherin;Slytherin;Slytherin;Slytherin;Slytherin;Slytherin;Slytherin;Slytherin;Slytherin;Slytherin;Slytherin;Slytherin;Slytherin;Slytherin;Slytherin;Slytherin;Slytherin;four hundred and twenty-six and Slytherin;Slytherin;Slytherin;Slytherin;Slytherin House;Slytherin Captain Marcus Flint;Slytherin Seeker Terence Higgs;The other Slytherins;the Slytherins;the Slytherins;the Slytherins;Slytherins;The Slytherins;the Slytherins;The Slytherins;the Slytherins;the Slytherins;the Slytherins;all the Slytherins;The Slytherins
Cornelius;old Cornelius
Hufflepuff;Hufflepuff;Slytherin and Hufflepuff;Hufflepuff;Hufflepuff;Better Hufflepuff;Hufflepuff;Hufflepuff;Hufflepuff;Hufflepuff;Hufflepuff;Hufflepuff;Hufflepuff;Hufflepuff;Hufflepuff too;Those patient Hufflepuffs;Those patient Hufflepuffs;Hufflepuffs;the Hufflepuffs;Hufflepuffs
Lily;Lily;Lily this and Lily;crash kill Lily;Lily;Lily and James Potter;Lily and James...I;Lily this and Lily
Remembrall;a Remembrall;the Remembrall;the Remembrall;my Remembrall;The Remembrall;the Remembrall;the Remembrall back
quickly;Dudley quickly;Dudley quickly;Hagrid quickly;Harry quickly;Harry quickly;Harry quickly;Malfoy quickly;Malfoy quickly;Harry quickly;Malfoy quickly;Harry quickly;Quick;Quick;Quick
breathlessly;Harry breathlessly
Dumbledore;Dumbledore;Dumbledore;Dumbledore;Dumbledore;Dumbledore;Dumbledore;Dumbledore;Dumbledore;Dumbledore;Dumbledore;Dumbledore;Dumbledore;Dumbledore;Dumbledore;Dumbledore;Dumbledore;Dumbledore;Dumbledore;Dumbledore;Dumbledore;Dumbledore;Dumbledore;Dumbledore;Dumbledore;Dumbledore;Dumbledore;Dumbledore;Dumbledore;Dumbledore;Dumbledore;Dumbledore;Dumbledore;Dumbledore;Dumbledore;Dumbledore;Dumbledore;Dumbledore;Dumbledore;Dumbledore;Dumbledore;Dumbledore;Dumbledore;Dumbledore;Dumbledore;Dumbledore;Dumbledore;Dumbledore;Dumbledore;Dumbledore;Dumbledore;Dumbledore;Dumbledore;Dumbledore;Dumbledore;Dumbledore;Albus Dumbledore;Dumbledore;Dumbledore;Dumbledore;Dumbledore;Dumbledore;Dumbledore;Dumbledore;Dumbledore;Dumbledore;Dumbledore;Dumbledore;Dumbledore;into Dumbledore;Dumbledore;Dumbledore;Dumbledore;Dumbledore;Dumbledore;Dumbledore;Dumbledore;Dumbledore;Dumbledore;Dumbledore;Dumbledore;Dumbledore;Dumbledore;Professor Dumbledore;Professor Dumbledore;Professor Dumbledore;Professor Dumbledore;Professor Dumbledore;Dumbledore;Dumbledore;Dumbledore;Dumbledore;Dumbledore;Dumbledore;Albus Dumbledore;Dumbledore;Dumbledore;Dumbledore;Dumbledore;Dumbledore;Dumbledore;Dumbledore;Dumbledore;Dumbledore;Professor Dumbledore;Dumbledore;Dumbledore;Dumbledore;Dumbledore;Dumbledore;Professor Dumbledore;though in her opinion Professor Dumbledore;Dumbledore;Dumbledore;Dumbledore;Dumbledore;Dumbledore;Dumbledore;Dumbledore;Dumbledore;Dumbledore;Dumbledore;Dumbledore here;Dumbledore firmly;Dumbledore finally;Dumbledore quietly;Dumbledore quietly;Dumbledore now;Albus Dumbled
Dragon;Dragon;Dragon Species;Dragons;Dragon Species
Night;Bonfire Night;G'night;By nightfall Dudley
Force;his Anti-Dark Force;The Dark Forces
timidly;Hermione timidly
Miss;Miss Granger;Miss Granger;Miss Granger;Your friend Miss Granger accidentally;Mr. Ronald Weasley and Miss Granger
Fluffy;Fluffy
Agrippa;Agrippa;Agrippa;Agrippa or Ptolemy;Agrippa or Ptolemy
Better;Better;Better;Better Hufflepuff
Forge;Gred and Forge
Wood;Wood;Wood;Wood;Wood;Wood;Wood;Wood;Wood;Wood;Wood;Wood;Wood;Wood;Wood;Wood;Wood;Wood;Wood;Wood;Wood;Wood;Wood;Wood;Wood;Wood;Wood;Wood;Wood;Wood;Wood;Wood;Wood;Wood;Wood;Wood;his and Wood;Wood;Wood;Wood;Wood;Wood;Wood;Wood;Wood;Wood;Wood;Wood;Wood;Wood;Wood;Wood;Wood;Wood happily;Woodcroft
Bludgers;the Bludgers;the Bludgers;the Bludgers;the Bludgers;the Bludgers;the Bludgers;the Bludgers;Bludgers;Chaser Pucey ducks two Bludgers;the Bludgers away;the Bludgers ever;a Bludger;a second Bludger;a speeding Bludger;a Bludger;another Bludger;another Bludger;a Bludger;a Bludger;the struggling Bludger back;he beat the Bludger furiously
Dead;Dead;Dead
Nimbus;the new Nimbus;a Nimbus;A Nimbus;a Nimbus;the Nimbus;A Nimbus;the Nimbus;Nimbus;The Nimbus;Nimbus;The Nimbus;Nimbus;Nimbus;a Nimbus;your new Nimbus Two Thousand;his Nimbus Two Thousand;his Nimbus Two Thousand;his Nimbus Two Thousand back;his Nimbus Two Thousand
Snape;Snape;Snape;Snape;Snape;Snape;Snape;Snape;Snape;Snape;Snape;Snape;Snape;Snape;Snape;Snape;Snape;Snape;Snape;Snape;Snape;Snape;Snape;Snape;Snape;Snape;Snape;Snape;Snape;Snape;Snape;if Snape;Snape;Snape;Snape;Snape;Snape;Snape;Snape;Snape;Snape;Snape;Snape;Snape;Snape;Snape;Snape;Snape;Snape;Snape;Snape;Snape;Snape;Snape;Snape;Snape;Snape;Snape;Snape;Snape;Snape;Snape;Snape;Snape;Snape;Snape;Snape;Malfoy and Snape;Snape;Snape;Snape;Filch and Snape;Filch and Snape;Snape;Snape;Snape;Snape;Snape;Snape;Snape;Snape;Snape;Snape;Snape;Snape;Snape;Snape;Snape;Snape;Snape;Snape;Snape;Snape;Snape;Snape;Snape;Snape;Snape;Snape;Snape;Snape;Snape;Snape;Snape;Snape;Snape;Snape;Snape;Snape;Snape;Snape;Snape;Snape;Snape;Snape;Snape;Snape;Snape;Snape;Snape;Snape;Snape;Snape;Snape;Snape;either Snape;Snape;Snape;Snape;Snape;Snape;for Snape;Snape;Snape;Snape;Snape;Snape;Snape;Snape;Snape;Snape;Snape;Snape;Snape;Snape;Snape;Snape;Snape;Snape;Snape;Snape;Snape;Snape;Snape;you and Snape;Snape;Snape;something Snape;Snape;Snape;Snape and Filch;Snape silkily;Snape just
wantin;wantin
Transfiguration;Transfiguration;Transfiguration;Transfiguration
Ravenclaw;Ravenclaw;Ravenclaw;Ravenclaw;wise old Ravenclaw;wise old Ravenclaw;a Ravenclaw;Ravenclaw;Ravenclaw;Ravenclaw;Ravenclaw too;several Ravenclaws;Ravenclaws
needin;needin
Well...Voldemort;Well...Voldemort
book;that book Malfoy
Flint;Marcus Flint;Flint;Slytherin Captain Marcus Flint;Flint;Flint;Marcus Flint;Marcus Flint;Marcus Flint;Flint;Flint;Flint;Marcus Flint;Flint;Flint nearly
casually;Ron casually;Hagrid casually;Quirrell casually
Aunt;Aunt Petunia and Dudley;Aunt Petunia and Dudley;Aunt Petunia and Dudley;Aunt Petunia and Dudley;Aunt Petunia frantically;His Aunt Petunia;his Aunt Petunia;Aunt Petunia;Aunt Petunia;Aunt Petunia;Aunt Petunia;Aunt Petunia;Aunt Petunia;Aunt Petunia;Aunt Petunia;Aunt Petunia;Aunt Petunia;Aunt Petunia;Aunt Petunia;Aunt Petunia;Uncle Vernon and Aunt Petunia;Aunt Petunia;of fruitcake Aunt Petunia;Aunt Petunia;Aunt Petunia;Aunt Petunia;Aunt Petunia;Aunt Petunia;Uncle Vernon and Aunt Petunia;Aunt Petunia often;Aunt Petunia slowly;Aunt Petunia and Dudley;Aunt Petunia dully;Aunt Petunia and Uncle Vernon;Aunt Petunia and Uncle Vernon;Aunt Petunia often;Aunt Petunia often;Aunt Petunia and Uncle Vernon;Uncle Vernon and Aunt Petunia;Uncle Vernon and Aunt Petunia
Bott;Bettie Bott;Bertie Bott;Bettie Bott;Bettie Bott
Piers;Piers;Dudley and Piers;Dudley and Piers;Dudley and Piers;Dudley and Piers;Piers;Piers;Piers;Piers;Piers and Dudley;Piers and Dudley
Lady;the Fat Lady;the Fat Lady;The Fat Lady;the Fat Lady;the Fat Lady;the Fat Lady;the Fat Lady;the Fat Lady;the Fat Lady;the Fat Lady
London;the London;London;London;get up ter London;London;London;all this in London;London;London;London;of London;for London;London;London...I
reasonably;Ron reasonably
Little;Little;Little Whinging;Little Whinging;poor little Harry
Quirrell;Professor Quirrell;Professor Quirrell;Professor Quirrell;Professor Quirrell;Quirrell;Professor Quirrell;Professor Quirrell;Professor Quirrell;Quirrell;Quirrell;Quirrell;Quirrell;Quirrell;Quirrell;Quirrell;Quirrell;Professor Quirrell;Quirrell;Quirrell;Quirrell;Quirrell;Quirrell;Quirrell;Quirrell;Quirrell;Quirrell;Quirrell;Quirrell;Quirrell;Quirrell;Quirrell;Quirrell;Professor Quirrell;Quirrell;Quirrell;Quirrell;Quirrell;Quirrell;Quirrell;Quirrell;Quirrell;Quirrell;Quirrell;Quirrell;Quirrell;Quirrell;Quirrell;Quirrell;Quirrell;Quirrell;Quirrell;Quirrell;Quirrell;Quirrell;Quirrell;Quirrell;Quirrell;Quirrell;Quirrell;Quirrell;Quirrell;Quirrell;Quirrell;Quirrell;Quirrell;Quirrell;Quirrell;Quirrell;Quirrell;Quirrell;Quirrell;Quirrell;Quirrell;Quirrell;Quirrell;Quirrell;Quirrell;Quirrell;Quirrell;Quirrell;Quirrell;Quirrell;Quirrell;Quirrell;Quirrell;Quirrell;Quirrell;Quirrell;Quirrell;Quirrell;Quirrell;Quirrell;Quirrell;Quirrell;Quirrell;Quirrell;Quirrell;Quirrell;Quirrell;Professor Quirrell;Quirrell;Quirrell;Quirrell;Quirrell;Quirrell;Quirrell;Quirrell;Quirrell coolly;Quirrell casually;Quirrell impatiently
Mars;Mars;Mars;Mars;many Mars Bars;Mars Bars;many Mars Bars;Mars Bars
Longbottom;Neville Longbottom;for Longbottom;stupid thing Longbottom;Longbottom;Longbottom;Longbottom;Mr. Longbottom;Mr. Neville Longbottom;Longbottom here
Lee;Lee;Lee;Lee;Lee Jordan;Lee Jordan;Lee Jordan;Lee Jordan;Lee Jordan;Lee Jordan;Lee Jordan;Lee Jordan finally;Lee Jordan;Lee Jordan;Lee Jordan;Lee Jordan;Lee Jordan;Jordan;Jordan;Lee Jordan;Lee Jordan;Lee Jordan finally
Severus;Severus;B-b-but Severus;Severus;Severus;Severus Snape
Heaven;Heaven
Norbert;him Norbert;Norbert;Norbert;Norbert;Norbert;him feed Norbert;us and Norbert;Norbert;if Norbert;Norbert;Norbert;Norbert;Norbert;Norbert;Norbert;Norbert;Norbert;Norbert;Norbert;Norbert;Norbert;Norbert;Norbert;Norbert;Norbert;Norbert;Norbert safely;Norbert safely;Harry safely;Norbert safely;Norbert safely
Bill;Bill;Bill;Bill;Bill;Bill and Charlie
shakily;Neville shakily
coldly;Professor McGonagall coldly;Harry coldly;Filch coldly
You'd;You'd;You'd;You'd
Ron;Ron;Ron;Ron;Ron;Ron;Ron;Ron;Ron;Ron;Ron;Ron;Ron;Ron;Ron;Ron;Ron;Ron;Ron;Ron;Ron;Ron;Ron;Ron;Ron;Ron;Ron;Ron;Ron;Ron;Ron;Ron;Ron;Ron;Ron;Ron;one Ron;Ron;Ron;Ron;Ron;Ron;Ron;Ron;Ron;Ron;Ron;Ron;Ron;Ron;Ron;Ron;Ron;him or Ron;Ron;Ron;Ron;Ron;Ron;Ron;He and Ron;Ron;nerves and Ron;Ron;Ron;Ron;Ron;Ron;Ron;Ron;Ron;Ron;Ron;Ron;Ron;Ron;Ron;Ron;Ron;Ron;Ron;Ron;Ron;Ron;Ron;Ron;Ron;Ron;Ron;Ron;Ron;Ron;Ron;Ron;Ron;Ron;Ron;Ron;Ron;Ron;Ron;Ron;Ron;Ron;Ron;Ron;Ron;Ron;Ron;Ron;Ron;Ron;Ron;Ron;Ron;Ron;Ron;Ron;Ron;Ron;Ron;Ron;Ron;Ron;Ron;Ron;Ron;Ron;Ron;Ron;Ron;Ron;Ron;Ron;Ron;Ron;Ron;Ron;Ron;Ron;Ron;Ron;Ron;Ron;Ron;Ron;Ron;Ron;Ron;Ron;Ron;Ron;Ron;Ron;Ron;Ron;its nose and Ron;Ron;Ron;Ron;Ron;Ron;Ron;Ron;Ron;Ron;Ron;Ron;Ron;Ron;Ron;Ron;Ron;Ron;Ron;Ron;Ron;Ron;Ron;Ron;Ron;Ron;Ron;Ron;Ron;Ron;Ron;Ron;Ron;Ron;Ron;Ron;Ron;Ron;Ron;Ron;Ron;his shoulders and Ron;Ron;Ron;Ron;Ron;Ron;Ron;Ron;Ron;Ron;Ron;Ron;Ron;Ron;Ron;Ron;Ron;Ron;Ron;Ron;Ron;Ron;Ron;Ron;Ron;Ron;at Ron;Ron;Ron;Ron;Ron;Ron;Ron;Ron;Ron;Ron;Ron;Ron;Ron;Ron;Ron;Ron;Ron;Ron;Ron;Ron;Ron;Ron;Ron;Ron;Ron;Ron;Ron;Ron;Ron;Ron;Ron;Ron;Ron;Ron;Ron;Ron;Ron;Ron;Ron;Ron;Ron;Ron;Ron;Ron;Ron;Ron;Ron;Ron;Ron;Ron;Ron;Ron;Ron;Ron;Ron;Ron;Ron;Ron;Ron;Ron;Harry and Ron;Ron;Ron;Harry and Ron;Ron;Ron;Harry and Ron;Ron;Ron;Ron;Ron;Ron;Ron;Ron;Ron;Ron;Ron;Ron;Ron;at Ron;Ron;Ron;Ron;Ron;Ron;Ron;Ron;Ron;Ron;Ron;Ron;Ron;Ron;Ron;Ron;Ron;Ron;Ron;Ron;Ron;Ron;Ron;Ron;Ron;Ron;Ron;Ron;Ron;Ron;Ron;Ron;Ron;Ron;Ron;Ron;Ron;Ron;Ron;Ron;Ron;Ron;Ron;Ron;Ron;Ron;Ron;Ron;Ron eagerly;Ron Weasley;Ron furiously;Ron exactly;Ron finally;Ron nervously;Ron and Harry;Ron and Harry;Ron bitterly;Ron and Harry;Ron sleepily;Ron suddenly;Ron and Harry;Harry and Ron barely;Ron impressively;Ron and Hermione;Ron and Hermione;Ron sleepily;Ron and Hermione;Ron and Hermione;Ron and Hermione;Ron only;Ron and Hermione;Ron and Hermione;Ron finally;Ron and Hermione;Ron and Hermione;ickle Ronnie;Ronan;Ronan;Ronan;Ronan;Ronan;Ronan;Ronan;Ronan;Ronan;Ronan and Bane;Ronan and Bane;ickle Ronniekins;Ronald Weasley;Mr. Ronald Weasley and Miss Granger;Ronan;Ronan;Ronan;Ronan;Ronan;Ronan;Ronan;Ronan;Ronan;Ronan and Bane
Captain;Slytherin Captain Marcus Flint;a Thinking Cap
quietly;Hagrid quietly;Harry quietly;Harry quietly;Dumbledore quietly;Dumbledore quietly;Quirrell quietly
Arts;the D-D-Dark Arts;the Dark Arts;the Dark Arts;the Dark Arts;the Dark Arts;the Dark Arts;some anti-Dark Arts;the Dark Arts;the Dark Arts.;the Dark Arts.
Snare...what;Snare...what
Flitwick;Professor Flitwick;Professor Flitwick;Flitwick;Flitwick;Professor Flitwick;of Flitwick;Professor Flitwick;Professor Flitwick;Professor Flitwick;Professor Flitwick;Professor Flitwick;Professor Flitwick;Professor McGonagall and Professor Flitwick;Professor Flitwick;a joke Professor Flitwick;Professor Flitwick;Professor Flitwick;Professor Flitwick;Professor Flitwick;Flitwick;Flitwick;Flitwick
Firenze;Firenze;Firenze;Firenze;Firenze;sure Firenze;Firenze;Firenze;Firenze;Firenze;Firenze;Firenze;Firenze;Firenze;Firenze;Firenze;Firenze;Firenze;Firenze suddenly;Firenze suddenly
proudly;Ron proudly
way;the perfect way Malfoy;the way Hagrid;the way Harry;the way Harry
Hags;Hags
Harry;Harry;Harry;Harry;Harry;Harry;Harry;Harry;Harry;Harry;Harry;Harry;Harry;Harry;Harry;Harry;Harry;Harry;Harry;Harry;Harry;Harry;Harry;Harry;Harry;Harry;Harry;Harry;Harry;Harry;Harry;Harry;Harry;Harry;Harry;Harry;Harry;Harry;Harry;Harry;Harry;Harry;Harry;Harry;Harry;Harry;Harry;Harry;Harry;Harry;Harry;Harry;Harry;Harry;Harry;Harry;Harry;Harry;Harry;Harry;Harry;Harry;Harry;Harry;them Harry;Harry;Harry;Harry;Harry;Harry;Harry;Harry;Harry;Harry;them Harry;Harry;Harry;Harry;Harry;Harry;Harry;Harry;Harry;Harry;Harry;him another one and Harry;Harry;Harry;Harry;Harry;him another one and Harry;Harry;Harry;Harry;Harry;Harry;Harry;Harry;Harry;Harry;Harry;Harry;Harry;Harry;Harry;Harry;Harry;Harry;Harry;Harry;Harry;Harry;Harry;Harry;Harry;Harry;Harry;Harry;Harry;Harry;Harry;Harry;Harry;Harry;Harry;Harry;Harry;Harry;Harry;Harry;Harry;Harry;Harry;Harry;Harry;Harry;Harry;Harry;Harry;Harry;Harry;Harry;Harry;both Harry;Harry;Harry;Harry;Harry;Harry;Harry;Harry;Harry;Harry;Harry;Harry;Harry;Harry;Harry;Harry;Harry;Harry;Harry;Harry;Harry;Harry;Harry;Harry;Harry;Harry;Harry;Harry;Harry;Harry;Harry;Harry;Harry;Harry;Harry;Harry;Harry;light and Harry;Harry;Harry;Harry;Harry;Harry;Harry;Harry;Harry;Harry;Harry;Harry;Harry;Harry;Harry;Harry;Harry;Harry;Harry;Harry;Harry;Harry;Harry;in Harry;Harry;Harry;Harry;Harry;Harry;Harry;Harry;Harry;Harry;Harry;Harry;Harry;Harry;Harry;Harry;Harry;Harry;Harry;Harry;Harry;his leg so Harry;Harry;Harry;Harry;Harry;Harry;Harry;Harry;Harry;Harry;Harry;Harry;Harry;Harry;Harry;Harry;Harry;Harry;Harry;Harry;Harry;all Harry;Harry;Harry;Harry;Harry;Harry;Harry;Harry;Harry;Harry;Harry;Harry;Harry;Harry;Harry;Harry;Harry;Harry;Harry;Harry;Harry;Harry;Harry;Harry;Harry;Harry;about Harry;Harry;Harry;Harry;Harry;he and Harry;Harry;Harry;Harry;Harry;Harry;Harry;Harry;Harry;Harry;All Harry;Harry;Harry;Harry;Harry;Harry;Harry;Harry;Harry;Harry;Harry;Harry;Harry;Harry;Harry;Harry;Harry;Harry;Harry;Harry;Harry;Harry;Harry;Harry;Harry;Harry;Harry;Harry;Harry;Harry;Harry;Harry;Harry;Harry;Harry;Harry;Harry;Harry;Harry;he and Harry;Harry;Harry;Harry;Harry;Harry;Harry;Harry;Harry;Harry;Harry;Harry;Harry;Harry;Harry;Harry;Harry;Harry;Harry;Harry;Harry;Harry;Harry;Harry;Harry;Harry;Harry;Harry;Harry;Harry;Harry;Harry;Harry;Harry;Harry;Harry;Harry;Harry;Harry;Harry;Harry;though Harry;Harry;Harry;Harry;Harry;Harry;though Harry;Harry;Harry;Harry;Harry;Harry;Harry;Harry;Harry;Harry;Harry;Harry;Harry;Harry;Harry;Harry;Harry;Harry;Harry;Harry;Harry;Harry;Harry;Harry;Harry;Harry;Harry;Harry;Harry;Harry;Harry;Harry;Harry;Harry;Harry;Harry;Harry;Harry;Harry;Harry;Harry;Harry;Harry;Harry;Harry;Harry;Harry;Harry;Harry;Harry;Harry;Harry;Harry;all Harry;Harry;Harry;Harry;Harry;Harry;Harry;Harry;Harry;Harry;Harry;Harry;Harry;Harry;Harry;Harry;Harry;Harry;Harry;Harry;Harry;Harry;Harry;Harry;Harry;Harry;Harry;Harry;Harry;Both Harry;Harry;Harry;Harry;Harry;Harry;Harry;Harry;Harry;Harry;Harry;Harry;Harry;Harry;Harry;Harry;Harry;Harry;Harry;Harry;Harry;Harry;Harry;Harry;Harry;Harry;Harry;Harry;Harry;Harry;Harry;Harry;Harry;Harry;Harry;Harry;Harry;Harry;Harry;Harry;Harry;Harry;Harry;Harry;Harry;Harry;Harry;Harry;Harry;Harry;Harry;Harry;Harry;Harry;Harry;Harry;Harry;Harry;Harry;Harry;Harry;Harry;Harry;Harry;Harry;Harry;Harry;Harry;Harry;Harry;Harry;Harry;Harry;Harry;Harry;Harry;Harry;Harry;Harry;Harry;Harry;Harry;Harry;Harry;Harry;Harry;Harry;Harry;Harry;Harry;Harry;Harry;Harry;Harry;Harry;Harry;Harry;Harry;Harry;Harry;Harry;Harry;Harry;Harry;Harry;Harry;Harry;Harry;Harry;Harry;Harry;Harry;Harry;Harry;Harry;Harry;Harry;Harry;Harry;Harry;Harry;Harry;Harry;Harry;Harry;Harry;Harry;Harry;Harry;Harry;Harry;Harry;Harry;Harry;Harry;Harry;Harry;Harry;Harry;Harry;Harry;Harry;Harry;Harry;Harry;Harry;Harry;Harry;Harry;Harry;Harry;Harry;Harry;Harry;Harry;Harry;Harry;Harry;Harry;Harry;Harry;Harry;Harry;Harry;Harry;every turn Harry;Harry;Harry;every turn Harry;Harry;Harry;Harry;Harry;Harry;Harry;Harry;Harry;Harry;Harry;Harry;Harry;Harry;Harry;Harry;Harry;Harry;Harry;Harry;Harry;Harry;Harry;though Harry;Harry;Harry;Harry;Harry;Harry;Harry;Harry;Harry;Harry;Harry;Harry;Harry;Harry;Harry;Harry;Harry;Harry;Harry;Harry;Harry;Harry;Harry;Harry;Harry;Harry;Harry;Harry;Harry;Harry;Harry;Harry;Harry;Harry;Harry;he and Harry;Harry;Harry;Harry;Harry;Harry;Harry;Harry;Harry;Harry;Harry;Harry;Harry;Harry;Harry;Harry;Harry;Harry;Harry;Harry;Harry;Harry;Harry;Harry;Harry;Harry;Harry;Harry;Harry;Harry;Harry;Harry;Harry;Harry;Harry;Harry;Harry;Harry;Harry;Harry;Harry;Harry;Harry;Harry;Harry;Harry;Harry;Harry;Harry;Harry;Harry;Harry;Harry;Harry;Harry;Harry;Harry;Harry;Harry;Harry;Harry;Harry;Harry;Harry;Harry;Harry;Harry;Harry;Harry;Harry;Harry;Harry;Harry;Harry;Harry;Harry;Harry;Harry;Harry;Harry;Harry;Harry;Harry;Harry;Harry;Harry;Harry;Harry;Harry;Harry;at Harry;Harry;Harry;at Harry;Harry;Harry;Harry;Harry;Harry;Harry;Harry;Harry;Harry;Harry;Harry;Harry;at Harry;Harry;Harry;Harry;Harry;at Harry;Harry;Harry;Harry;Harry;Harry;Harry;Harry;Harry;Harry;Harry;Harry;Harry;Harry;Harry;Harry;Harry;Harry;Harry;Harry;Harry;Harry;Harry;Harry;Harry;Harry;Harry;Harry;Harry;Harry;Harry;Harry;Harry;Harry;Harry;Harry;Harry;Harry;Harry;Harry;Harry;Harry;Harry;Harry;Harry;Harry;Harry;Harry;Harry;Harry;Harry;Harry;Harry;Harry;Harry;Harry;Harry;Harry;Harry;Harry;Harry;Harry;Harry;Harry;Harry;Harry;Harry;Harry;Harry;Harry;Harry;Harry;Harry;Harry;Harry;Harry;Harry;Harry;Harry;Harry;Harry;Harry;Harry;Harry;Harry;Harry;Harry;Harry;Harry;Harry;Harry;Harry;Harry;Harry;Harry;Harry;Harry;Harry;Harry;Harry;Harry;Harry;Harry;Harry;Harry;Harry;Harry;Harry;Harry;Harry;Harry;Harry;Harry;Harry;Harry;Harry;Harry;Harry;Harry;Harry;Harry;Harry;Harry;Harry;Harry;Harry;Harry;Harry;Harry;Harry;Harry;Harry;Harry;Harry;Harry;Harry;Harry;Harry;Harry;Harry;Harry;Harry;Harry;Harry;Harry;Harry;Harry;Harry;Harry;Harry;Harry;Harry;Harry;Harry;Harry;Harry;Harry;Harry;Harry;Harry;Harry;Harry;Harry;Harry;Harry;Harry;Harry;Harry;Harry;Harry;Harry;Harry;Harry;Harry;Harry;Harry;Harry;Harry;Harry;Harry;Harry;Harry;Harry;Harry;Harry;Harry;Harry;Harry;Harry;Harry;Harry;Harry;it and then Harry;it and then Harry;Harry;Harry;Harry;Harry;Harry;Harry;Harry;Harry;Harry;Harry;Harry;Harry;Harry;Harry;Harry;Harry;Harry;Harry;Harry;Harry;Harry;Harry;Harry;Harry;Harry;Harry;Harry;Harry;Harry;Harry;Harry;Harry;Harry;Harry;Harry;Harry;Harry;Harry;Harry;Harry;Harry;Harry;Harry;Harry;Harry;Harry;Harry;Harry;Harry;Harry;Harry;Harry;Harry;Harry;Harry;Harry;Harry;Harry;Harry;Harry;Harry;Harry;Harry;Harry;Harry;Harry;Harry;Harry;Harry;Harry;Harry;Harry;Harry;Harry;Harry;Harry;Harry;Harry;Harry;Harry;Harry;Harry;Harry;Harry;Harry;Harry;Harry;Harry;Harry;Harry;Harry;Harry;Harry;Harry;Harry;Harry;Harry;Harry;Harry;Harry;Harry;Harry;Harry;Harry;Harry;Harry;Harry;Harry;Harry;Harry;Harry;Harry;Harry;Harry;Harry;Harry;Harry;Harry;Harry;Harry;Harry;Harry;Harry;Harry;Harry;Harry;Harry;Harry;Harry;Harry;Harry;Harry;Harry;Harry;Harry;Harry;Harry;Harry;Harry;Harry;Harry;Harry;Harry;Harry;Harry;Harry;Harry;Harry;Harry;Harry;Harry;Harry;Harry;Harry;Harry;Harry;Harry;for Harry;Harry;Harry;Harry;Harry;Harry;Harry;Harry;Harry;Harry;Harry;Harry;Harry;Harry;Harry;Harry;Harry;Harry;Harry;Harry;Harry;Harry;Harry;Harry;Harry;Harry;Harry;Harry;Harry;Harry;Harry;Harry;Harry;Harry;Harry;Harry;Harry;Harry;Harry;Harry;Harry;Harry;Harry;Harry;Harry;Harry;Harry;Harry;Harry;All Harry;Harry;Harry;Harry;Harry;Harry;Harry;Harry;Harry;Harry;Harry;Harry;Harry;Harry;Harry;Harry;Harry;Harry;Harry;Harry;Harry;Harry;Harry;Harry;Harry;Harry;Harry;Harry;Harry;Harry;Harry;Harry;Harry;Harry;Harry;Harry;Harry;Harry;Harry;Harry;Harry;Harry;Harry;Harry;Harry;Harry;Harry;Harry;Harry;Harry;Harry;Harry;Harry;Harry;Harry;Harry;Harry;Harry;Harry;Harry;Harry;Harry;Harry;Harry;Harry;Harry;Harry;Harry;Harry;Harry;Harry;Harry;Harry;Harry;Harry;Harry;eye and Harry;Harry;Harry;Harry;Harry;Harry;Harry;Harry;Harry;Harry;Harry;Harry;Harry;Harry often;odd Harry Potter;Harry and Dudley;Harry and Dudley promptly;Harry privately;Harry Potter not;Harry shortly;Harry away;Harry awkwardly;Harry only;you really Harry Potter;Harry Potter;Harry Potter;Harry nervously;The Harry Potter;Harry Potter;Harry quietly;Harry quietly;Harry sharply;Harry quickly;Harry suddenly;Harry then;Harry and Ron;Harry and Ron;Harry and Ron;Harry safely;Harry finally;Harry only;something Harry and Ron;Harry and Ron;Harry and Ron barely;Harry and Ron;Harry and Ron;Harry and Ron;Harry aside;Harry nearly;Harry and Ron;Harry and Ron;Harry and Ron;Harry and Ron;Harry loudly;Harry suddenly;Harry Potter;Harry Potter;the famous Harry Potter;Harry flatly;Harry and Hermione;Harry Potter;Harry and Hermione;Harry Potter;Harry Potter;Harry suddenly;Harry and Ron;Harry frantically;Harry and Ron;Harry and Ron;Harry and Ron;Harry hardly;Harry and Hermione;Harry quickly;Harry and Hermione;Harry and Hermione;Harry and Hermione;Harry and Hermione;Harry Potter;Harry thoughtfully;Harry strongly;Mr. Harry Potter;Harry Potter;Harry hardly;Harry hardly;Harry hardly;Harry...I
Cauldron;the Leaky Cauldron;the Leaky Cauldron;the Leaky Cauldron;The Leaky Cauldron;the Leaky Cauldron;the Leaky Cauldron;the Leaky Cauldron;the Leaky Cauldron;the Leaky Cauldron;the Leaky Cauldron;the Leaky Cauldron;the Leaky Cauldron;Cauldrons
Sir;Sir;Sir;Sir;Sir;Sir;Sir;Sir;Sir;Sir Nicholas;me Sir Nicholas;Sir Nicholas;Sir Nicholas;me Sir Nicholas;Sir Nicholas
Dursley;Mr. and Mrs. Dursley;Mr. Dursley;Mr. Dursley;Mr. Dursley;Mr. Dursley;Mrs. Dursley;Mr. Dursley;Mrs. Dursley;Mr. Dursley;Mr. Dursley;Mrs. Dursley;Mr. Dursley;Mrs. Dursley;Mrs. Dursley;Mr. Dursley;Mrs. Dursley;Mrs. Dursley;Mr. Dursley;Mr. Dursley;Mrs. Dursley;Mr. Dursley;Mrs. Dursley;Mr. Dursley;him and Mrs. Dursley;Mr. Dursley;Mrs. Dursley;Mr. Dursley;Mrs. Dursley;Mr. Dursley;him and Mrs. Dursley;Mr. Dursley;beady-eyed Mrs. Dursley;Mrs. Dursley;Mr. Dursley;Dudley Dursley;Dursley;Dursley;Dursley;Dursley;Mr. Dursley always;Mr. Dursley loudly;The Dursleys;The Dursleys;The Dursleys;The Dursleys;The Dursleys;the Dursleys;the Dursleys;the Dursleys;the Dursleys;the Dursleys;The Dursleys;the Dursleys;the Dursleys;the Dursleys;the Dursleys;the Dursleys;the Dursleys;the Dursleys;the Dursleys;the Dursleys;The Dursleys;the Dursleys;the Dursleys;the Dursleys;the Dursleys;The Dursleys often;the Dursleys usually;The Dursleys often;The Dursleys;The Dursleys;The Dursleys;the Dursleys;the Dursleys;the Dursleys;The Dursleys;The Dursleys;The Dursleys;the Dursleys;the Dursleys;the Dursleys;the Dursleys;The Dursleys;the Dursleys;the Dursleys;the Dursleys;them Dursleys;the Dursleys;the Dursleys;the Dursleys;the Dursleys;The Dursleys;the Dursleys;the Dursleys;the Dursleys almost
grumpily;Hagrid grumpily
Fancy;Fancy
mysteriously;Hagrid mysteriously
again;Tufty again;Ron again;Hagrid again;Erised again;Dumbledore again;Hagrid again;Voldemort again
really;Harry really;George Weasley really;He'd really;Gryffindor really;you really Harry Potter
Great;Great;My Great Uncle Algie;my Great Auntie Enid;of the Great Hall;the Great Hall;the Great Hall;the Great Hall;the Great Hall;the Great Hall;the Great Hall;Great Wizards;Great Wizards;the Great Hall;the Great Hall
Wednesday;every Wednesday;every Wednesday;one dead last Wednesday